date,headline,abstract,snippet,lead_paragraph,web_url,section,subsection,byline,document_type,news_desk,type_of_material,word_count,source,keywords
2016-12-07T00:00:00Z,Double Chocolate Chip Cookies,"With plenty of cocoa powder and big wells of dark chocolate, these double chocolate cookies are so fudgy that a tall glass of cold milk is not only delicious, but essential — especially when they are served hot from the oven. Just like David Leite’s impeccable chocolate chip cookies, they bake up even better after the dough has had time to rest in the fridge. The extralong chill gives the dough a chance to hydrate fully and firm up, which yields more uniformly baked cookies, with the perfect amount of crunch around the edges and chew in the center. Thin chocolate discs or wafers, which are widely available, are used here. They melt into lovely chocolate layers as the cookies bake. But if you can’t find them, chocolate chips make a fine substitute; there's no need to adjust the baking time. (Watch the video of 
<a href=""https://cooking.nytimes.com/recipes/1018459-double-chocolate-chip-cookies/"">Samantha Seneviratne making Double Chocolate Chip Cookies here</a>.)",,,https://cooking.nytimes.com/recipes/1018459-double-chocolate-chip-cookies,,,Samantha Seneviratne,recipe,,Recipe,0,,"bittersweet chocolate, chocolate chip cookie, dessert, dutch-processed cocoa powder, semisweet chocolate chip, snack"
2016-09-28T00:00:00Z,Chicken Congee,"Congee is regarded as the ultimate Chinese comfort food, according to the author Fuchsia Dunlop. This recipe for ji zhou or chicken congee, from her book on Jiangnan regional cuisine, is dead simple and satisfying. Serve it with <a href=""http://cooking.nytimes.com/recipes/1018094-hainanese-chicken-with-rice"">chicken</a> and soy sauce for a late-night Shanghai-style snack.",,,https://cooking.nytimes.com/recipes/1018321-chicken-congee,,,Sara Bonisteel,recipe,,Recipe,0,,"boil, breakfast, chicken stock, chinese, dinner, lunar new year, main course, porridge, side dish, simmer, snack, sushi rice"
2017-01-22T00:00:00Z,Turmeric Tea,"Turmeric milk is a simple infusion of warm milk with turmeric that exists with countless variations in homes across India, where it's known as haldi doodh. The drink might include black pepper, and a touch of jaggery or honey to sweeten it. This hybridized version lies somewhere closer to a masala chai with a dose of black tea and a spoon of fresh grated ginger. The recipe makes two dainty portions, or one robust one, but it's in the spirit of things to play with the ratios to suit your own taste, to use your sweetener of choice and even to replace the milk entirely with almond or cashew milk. Cooking with powdered turmeric is less messy than with fresh, and won't require gloves to keep your fingers from staining. ",,,https://cooking.nytimes.com/recipes/1018548-turmeric-tea,,,Tejal Rao,recipe,,Recipe,0,,"black tea, cardamom pods, cinnamon stick, ginger, non-alcoholic drinks, turmeric"
2017-02-13T00:00:00Z,Beef Bourguignon,"Like coq au vin, its sister dish from the Burgundy region of France, beef Bourguignon is a stew of meat slowly simmered in hearty red wine along with pearl onions, mushrooms and crisp, cubed bacon. Use a good wine here, something simple but drinkable. It makes all the difference in the finished dish. As with all beef stews, this one is best made a day or two ahead; don’t sauté the mushrooms and onions until just before serving. This recipe is part of <a href=""https://cooking.nytimes.com/68861692-nyt-cooking/4595005-the-new-essentials-of-french-cooking"">The New Essentials of French Cooking</a>, a guide to definitive dishes every modern cook should master.",,,https://cooking.nytimes.com/recipes/1018528-beef-bourguignon,,,Melissa Clark,recipe,,Recipe,0,,"bacon, beef stew meat, brown, cremini, dinner, dutch oven, french, great leftovers, main course, marinate, pancetta, pearl onion, red wine, sear, stew"
2018-10-31T18:58:42Z,Alex Honnold and the Making of the Oscar-Winning Film ‘Free Solo’,Alex Honnold took a huge risk when he made his free solo climb of El Capitan. Did making a film about it make it even riskier?,Alex Honnold took a huge risk when he made his free solo climb of El Capitan. Did making a film about it make it even riskier?,,https://www.nytimes.com/2018/10/31/opinion/free-solo-alex-honnold-el-capitan.html,Opinion,,By Elizabeth Chai Vasarhelyi and Jimmy Chin,article,National,News,478,The New York Times,"Rock Climbing, Yosemite National Park (Calif), Honnold, Alex"
2018-03-07T00:00:00Z,Basic Stovetop Rice,"Here’s how to make plain rice in the simplest way, and once you get the hang of all the steps (rinsing, simmering, fluffing and resting) you can make infinite, delicious variations by adapting one or more of these steps.",,,https://cooking.nytimes.com/recipes/1019204-basic-stovetop-rice,,,Tejal Rao,recipe,,Recipe,0,,"boil, cooking 101, five ingredient, gluten-free, grains and rice, rice, side dish, stovetop, vegan, vegetarian"
2019-02-17T00:00:00Z,Whatever You’ve Got Fried Rice,"<em>This is a no-recipe recipe, a recipe without an ingredients list or steps. It invites you to improvise in the kitchen.</em>
Start with some cooked rice, white or brown, a cup or so per person, made fresh or pulled from the freezer where you keep some in a plastic bag against the promise of just such an exercise. (The chill helps separate the grains.) Also helpful, also in the freezer: bags of diced organic vegetables you can get at the market (the mixed corn, carrots and peas number, for instance). For the rest: meat if you eat meat, a couple eggs, lots of chopped garlic and ginger, some scallions. You can make a sauce from soy sauce and sesame oil (about a 3:1 ratio) and fire it up with a teaspoon or two of gochujang. You’ll need a little less than a quarter cup of sauce to feed four.
To the wok! Crank the heat, add a little neutral oil, then toss in your meat. I like chopped brisket from the barbecue joint, or pastrami from the deli, or ground pork, or bacon, or leftover roast chicken — whatever you decide on, you’ll need far less than you think. After the meat crisps, fish it from the pan and add about a tablespoon each of minced garlic and ginger, a handful of chopped scallions. Stir-fry for 30 seconds or so, then add those frozen vegetables. More stir-frying. Return the meat to the wok. Stir-fry. Clear a space in the center of the wok and add the eggs, cooking them quickly to softness. Throw in the sauce, then the rice, and mix it all together until it’s steaming hot. Finish with more chopped scallions.
<em>Sam Sifton features a no-recipe recipe every Wednesday in his What to Cook newsletter. <a href=""https://www.nytimes.com/newsletters/cooking"">Sign up to receive it.</a> You can find more no-recipe recipes <a href=""https://cooking.nytimes.com/68861692-nyt-cooking/14326423-no-recipe-recipes"">here</a>.</em>",,,https://cooking.nytimes.com/recipes/1020016-whatever-youve-got-fried-rice,,,Sam Sifton,recipe,,Recipe,0,,"cooking 101, dinner, egg, frozen vegetables, gochujang, grains and rice, lunch, main course, no-recipe, not-shoppable-ic, rice, saute, weeknight"
2019-08-22T20:48:15Z,Teach Writing With The New York Times: A Free School-Year Curriculum in 7 Units,"A flexible program for middle and high schools based on the real-world writing found in newspapers, from editorials and reviews to personal narratives and analysis essays.","A flexible program for middle and high schools based on the real-world writing found in newspapers, from editorials and reviews to personal narratives and analysis essays.",,https://www.nytimes.com/2019/08/22/learning/free-writing-curriculum-with-nyt.html,The Learning Network,,By The Learning Network,article,Learning,News,1696,The New York Times,Writing and Writers
2019-10-09T00:00:00Z,Coconut Milk Chicken Adobo,"When I left home, adobo was a dish I could cook off the top of my head. The name was bestowed by Spanish colonizers, referring to the use of vinegar and seasonings to preserve meat, but the stew existed long before their arrival. It is always made with vinegar, and often soy sauce, but there are as many adobo recipes as there are Filipino cooks. In this version, coconut — present in three forms: milk, oil and vinegar — brings silkiness and a hint of elegance. Every ingredient announces itself; none are shy. The braised whole peppercorns pop in your mouth.",,,https://cooking.nytimes.com/recipes/1020494-coconut-milk-chicken-adobo,,,Angela Dimayuga,recipe,,Recipe,0,,"chicken drumstick, coconut milk, coconut vinegar, cooking 101, dinner, easy, filipino, great leftovers, main course, one pot, poultry, simmer, stew"
2019-02-11T00:00:00Z,Shrimp and White Beans With Fennel and Pancetta,"This quick, one-pan meal relies heavily on pantry staples. Browning pancetta or bacon adds richness to the tomato sauce, but skip it if you like. Anise-flavored fennel and seeds are incorporated into the soffritto, which plays nicely with the sweetness of the shrimp and the creaminess of the beans. But if you don’t like them, leave them out. Serve the dish in deep bowls with thick slices of garlic-rubbed toast, finish the dish with a flurry of fresh herbs, and pair it with a glass of something red, light and bright.",,,https://cooking.nytimes.com/recipes/1020010-shrimp-and-white-beans-with-fennel-and-pancetta,,,Colu Henry,recipe,,Recipe,0,,"dinner, fennel, for two, main course, pancetta, partial-access-ic, seafood, shrimp, weeknight, white bean"
2019-06-26T00:00:00Z,Beef Suya,"Suya is a popular Nigerian street food made of thin strips of meat that are seasoned, skewered and grilled. The term “suya” can refer to the preparation technique or the resulting dish, and can apply to other meats, such as goat and chicken. This recipe is similar in style to the suya made from a fattier cut of beef called tozo, which comes from the hump of the zebu cattle, found in northern Nigeria. A well-marbled piece of boneless short rib is a great substitute. Ask your butcher to thinly slice the meat into strips, or pop it into your freezer for 30 minutes and use a sharp knife to slice. Suya spice, or yaji, is available online or at African groceries, or you can make your own (see Tip).",,,https://cooking.nytimes.com/recipes/1020289-beef-suya,,,Yewande Komolafe,recipe,,Recipe,0,,"barbecues, cooking 101, dinner, finger foods, grill, kwanzaa, main course, meat, nigerian, peanut, short rib, skewers and kebabs, suya spice blend"
2020-07-02T21:22:22Z,Issue Archive,Past issues of The New York Times Magazine.,Past issues of The New York Times Magazine.,,https://www.nytimes.com/interactive/2020/07/02/magazine/past-issues-sunday-magazine.html,Magazine,,,interactive,,Interactive Feature,0,The New York Times,
2020-06-02T15:10:38Z,What Is the Insurrection Act of 1807?,Legal experts regard the act as a major exception to the law that generally forbids the use of the military for domestic law enforcement.,Legal experts regard the act as a major exception to the law that generally forbids the use of the military for domestic law enforcement.,,https://www.nytimes.com/article/what-is-insurrection-act.html,U.S.,Politics,By Christine Hauser and William Lamb,article,Express,News,839,The New York Times,"Insurrection Act (1807), United States Defense and Military Forces, Law and Legislation, Demonstrations, Protests and Riots, Posse Comitatus Act (1878), United States Politics and Government, Trump, Donald J, United States, Presidents and Presidency (US)"
2020-09-04T22:45:47Z,The 30 Best TV Shows on Netflix Right Now,"Some of the best shows on the streaming giant right now include “Adolescence,” “Stranger Things” and “The Beast in Me.” Here are our favorites.","Some of the best shows on the streaming giant right now include “Adolescence,” “Stranger Things” and “The Beast in Me.” Here are our favorites.",,https://www.nytimes.com/article/best-tv-shows-netflix.html,Arts,Television,By Noel Murray,article,Culture,News,3945,The New York Times,"Television, Netflix Inc"
2020-09-11T19:36:24Z,The Best Movies and Shows on Hulu Right Now,We’ve handpicked the finest movies and television shows currently streaming on Hulu in the United States. Take a look.,We’ve handpicked the finest movies and television shows currently streaming on Hulu in the United States. Take a look.,,https://www.nytimes.com/article/best-movies-shows-hulu.html,Movies,,By Jason Bailey,article,Culture,News,6569,The New York Times,"Television, Movies, Hulu.com"
2021-05-18T15:38:01Z,The Guantánamo Docket,"Since 2002, roughly 780 detainees have been held at the American military prison at Guantánamo Bay, Cuba. Fifteen remain.","Since 2002, roughly 780 detainees have been held at the American military prison at Guantánamo Bay, Cuba. Fifteen remain.",,https://www.nytimes.com/interactive/2021/us/guantanamo-bay-detainees.html,U.S.,,By The New York Times,interactive,,Interactive Feature,0,The New York Times,"Guantanamo Bay Naval Base (Cuba), Detainees"
2021-11-04T19:46:03Z,Ask Wirecutter: Sharing a Bed,A reader asks how to share a bed with a partner who runs hot.,A reader asks how to share a bed with a partner who runs hot.,,https://www.nytimes.com/interactive/2021/11/04/smarter-living/wirecutter/sharing-bed.html,Smarter Living,Wirecutter,By Annemarie Conte,interactive,,Interactive Feature,0,The New York Times,"Sleep, Content Type: Service"
2021-06-16T16:30:04Z,‘The Ezra Klein Show’ Book Recommendations,Readings that the podcast’s guests say shaped their thinking.,Readings that the podcast’s guests say shaped their thinking.,,https://www.nytimes.com/article/ezra-klein-show-book-recs.html,Opinion,,,article,OpEd,Op-Ed,332,The New York Times,"Content Type: Service, Books and Literature"
2021-04-21T17:00:00Z,Biden’s Plan to End Afghanistan War Gives Some Detainees Hope for Release,The legal basis for indefinite detention at Guantánamo is to prevent combatants from returning to the battlefield. But what if their old battlefield is no more?,The legal basis for indefinite detention at Guantánamo is to prevent combatants from returning to the battlefield. But what if their old battlefield is no more?,,https://www.nytimes.com/2021/04/21/us/politics/afghanistan-war-guantanamo-prison.html,U.S.,Politics,By Charlie Savage and Carol Rosenberg,article,Washington,News,1373,The New York Times,"Guantanamo Bay Naval Base (Cuba), Terrorism, Detainees, Afghanistan War (2001- ), United States Politics and Government, United States Defense and Military Forces, Al Qaeda, Defense Department, Taliban, Biden, Joseph R Jr, Haroon Gul, Asadullah, Rahim, Muhammad (1965- )"
2021-07-15T19:23:26Z,Broadway Shows to See This Winter: ‘Ragtime’ and More,"A guide to every show on Broadway, including Tony-winning musicals, new dramas, quirky hits and veterans like “Hamilton.”","A guide to every show on Broadway, including Tony-winning musicals, new dramas, quirky hits and veterans like “Hamilton.”",,https://www.nytimes.com/article/broadway-shows-musicals.html,Theater,,By Laura Collins-Hughes,article,Weekend,News,2219,The New York Times,"Theater, Theater (Broadway), Music, New York City, Actors and Actresses, Pop and Rock Music"
2021-02-25T02:55:04Z,"As Black History Month Turns 100, a Look Back at How It Began",Black History Month has been celebrated in the United States for close to 100 years but what is it exactly and how did it begin?,Black History Month has been celebrated in the United States for close to 100 years but what is it exactly and how did it begin?,,https://www.nytimes.com/interactive/2025/us/history-of-black-history-month.html,U.S.,,By Veronica Chambers and Jamiel Law,interactive,,Interactive Feature,1543,The New York Times,"Black History Continued 2021, Black People, United States, Woodson, Carter G, Civil Rights Movement (1954-68), United States Politics and Government"
2021-01-22T00:00:00Z,Coconut Curry Fish,"Jamaican curry powder plays a major role in this deeply savory weeknight dish, giving the sauce its unique flavor and golden hue. The traditional spice blend is heavy on the turmeric, and benefits from being toasted, which brings out its notes. This recipe calls for frozen whiting, which doesn’t hold up to frying but shines here, simmered in a sauce studded with red and green bell peppers. If whiting is unavailable, cod is also a good choice.",,,https://cooking.nytimes.com/recipes/1021534-coconut-curry-fish,,,Millie Peartree,recipe,,Recipe,0,,"caribbean, cooking 101, curry powder, dinner, frozen fish, green bell pepper, kwanzaa, main course, partial-access-ic, red bell pepper, seafood, weeknight"
2022-04-07T17:42:16Z,"Wordle Bot: Your Daily, Personalized Wordle Score","First, play today’s Wordle. Then come here.","First, play today’s Wordle. Then come here.",,https://www.nytimes.com/interactive/2022/upshot/wordle-bot.html,The Upshot,,By Josh Katz and Matthew Conlen,interactive,,Interactive Feature,0,The New York Times,"Wordle (Puzzle), Games, Statistics"
2022-08-22T13:55:03Z,Track Wildfires in the U.S.,See where wildfires are currently burning throughout the continental United States.,See where wildfires are currently burning throughout the continental United States.,,https://www.nytimes.com/interactive/2025/us/wildfire-map-tracker.html,U.S.,,"By Matthew Bloch, Josh Williams, Rumsey Taylor, Tim Wallace, John-Michael Murphy and Tiff Fehr",interactive,Graphics,Interactive Feature,0,The New York Times,Wildfires
2022-09-16T06:55:01Z,September 2022 Times/Siena Poll: Cross-Tabs for All Respondents,"Responses from a survey of registered voters conducted by The New York Times and Siena College Sept. 6 to 14, 2022.","Responses from a survey of registered voters conducted by The New York Times and Siena College Sept. 6 to 14, 2022.",,https://www.nytimes.com/interactive/2022/09/16/upshot/september-2022-times-siena-poll-crosstabs.html,The Upshot,,,interactive,,Interactive Feature,0,The New York Times,
2022-02-24T01:12:37Z,How Much Snow Will Fall Where You Live?,Type in your community to see the full range of possibilities in the next few days.,Type in your community to see the full range of possibilities in the next few days.,,https://www.nytimes.com/interactive/2026/upshot/snow-forecast-totals-lookup.html,The Upshot,,"By Aatish Bhatia, Josh Katz, Margot Sanger-Katz and Samuel Jacoby",interactive,Upshot,Interactive Feature,0,The New York Times,"Snow and Snowstorms, Weather, National Weather Service, Statistics"
2022-07-12T17:52:36Z,Tracking Dangerous Heat in the U.S.,See detailed maps of the latest heat index forecasts in the United States.,See detailed maps of the latest heat index forecasts in the United States.,,https://www.nytimes.com/interactive/2022/us/heat-wave-map-tracker.html,U.S.,,"By Matthew Bloch, Lazaro Gamio, Zach Levitt, Eleanor Lutz, Bea Malsky and John-Michael Murphy",interactive,Weather,Interactive Feature,0,The New York Times,"Heat and Heat Waves, United States"
2022-06-30T19:02:25Z,How does The New York Times handle corrections?,Explaining the policies and processes that define our journalism.,Explaining the policies and processes that define our journalism.,,https://www.nytimes.com/article/new-york-times-corrections.html,Reader Center,,,article,Insider,News,227,The New York Times,"Newspapers, News and News Media, New York Times, Correction Stories"
2022-03-23T00:00:00Z,Hara Masala Murgh (Green Masala Chicken),"As is the case with every South Asian dish, variations of hara masala murgh abound. In the south of India, fresh desiccated coconut is used in place of yogurt, which is a common ingredient in the northern parts of Pakistan and India. The stalwarts of the dish across regions are copious amounts of fresh cilantro and mint — hence its name hara masala, which means green masala. In Lahore, it is commonly found on restaurant menus, and its peppery herbaceousness is a welcome reprieve from the tomato-onion gravies typical in Punjabi cooking. This version uses thinly sliced chicken breast. It also skips over the tedium of grinding almonds in favor of using almond butter. These two shortcuts mean a quicker cooking time and a creamy texture.",,,https://cooking.nytimes.com/recipes/1023054-hara-masala-murgh-green-masala-chicken,,,Zainab Shah,recipe,,Recipe,0,,"chicken breast, cilantro, dinner, indian, main course, mint, poultry, weeknight, yogurt"
2022-01-07T19:48:38Z,22 One-Pot Vegetarian Recipes That Keep Effort to a Minimum,Resolve to wash fewer dishes in 2026.,Resolve to wash fewer dishes in 2026.,,https://cooking.nytimes.com/article/one-pot-vegetarian-recipes,Food,,By Tanya Sichynsky and Sharon Attia,article,Dining,NYT Cooking,1726,The New York Times,"Vegetarianism, Vegetables, Recipes, Content Type: Service"
2022-08-18T00:00:00Z,Sesame Broccoli,"Mild broccoli gets energized by this textured, rich dressing spiked with sweet miso and soy sauce. Crushed toasted sesame seeds create the intense flavor base for this rich, super nutty sauce. The dish is a great side to accompany any grilled or roasted protein; it can be made a few hours in advance and is equally tasty chilled or at room temperature. Any leftovers can be chopped and tossed with warm pasta and grated Parmesan the next day.",,,https://cooking.nytimes.com/recipes/1023309-sesame-broccoli,,,Kay Chun,recipe,,Recipe,0,,"broccoli florets, cooking 101, miso, side dish, vegetables"
2023-01-03T10:00:13Z,Heavy Snowfall and Tornadoes Wreak Havoc on Midwest and South,A “multi-hazard” storm that had already flooded the West Coast turned into a large winter storm system as it moved across the country.,A “multi-hazard” storm that had already flooded the West Coast turned into a large winter storm system as it moved across the country.,,https://www.nytimes.com/2023/01/03/us/storm-snow-tornado-midwest.html,U.S.,,By Neelam Bohra,article,National,News,905,The New York Times,"Rain, Snow and Snowstorms, Tornadoes, Midwestern States (US), Southern States (US), Texas, Minnesota"
2022-02-07T00:00:00Z,Brodo di Pollo con Pastina (Chicken Soup With Pastina),"Pastina means “tiny pasta,” and it’s often the first pasta shape Italian children are introduced to, typically cooked in broth. Pastina comes in a variety of shapes, like little stars and rounds. For this recipe, you can use any tiny shape you like, or use noodles broken into small pieces. Typically, the pastina is precooked in a separate pot and added to each soup bowl alongside shredded chicken, but this version cooks everything together for an easy one-pot meal. And this comforting chicken soup does not require premade or even store-bought broth: Instead, boneless, skinless chicken breasts cook in water with aromatics like onion, carrots, celery and garlic — and a good drizzle of olive oil — for a rich, flavorful broth that comes together fairly quickly.",,,https://cooking.nytimes.com/recipes/1022969-brodo-di-pollo-con-pastina-chicken-soup-with-pastina,,,Naz Deravian,recipe,,Recipe,0,,"chicken breast, chicken soup, dinner, easy, italian, lunch, main course, one pot, orzo, winter"
2022-09-21T00:00:00Z,Beer Cheese,"Some say this classic pub snack originated in Kentucky, but you can typically find it in bars all around, usually served with warm pretzel bites or vegetables. There are two different styles of beer cheese: a spreadable, thick version and a creamier fondue-style type like this one. Though optional, adding a bit of miso brings out the beer flavor and adds a bit of saltiness that eliminates the need to add any salt to the dish. Either way, make sure to choose a beer that tastes good to you.",,,https://cooking.nytimes.com/recipes/1023494-beer-cheese,,,Romel Bruno,recipe,,Recipe,0,,"appetizer, beer, dips and spreads, easy, make-ahead, quick, sharp cheddar, snack, super bowl, vegetarian"
2023-07-18T21:55:29Z,Tracking Heat Across the World,See detailed maps of the latest temperature forecasts across the world.,See detailed maps of the latest temperature forecasts across the world.,,https://www.nytimes.com/interactive/2025/world/global-heat-wave-map-tracker.html,World,,"By Lazaro Gamio, Zach Levitt, Elena Shao and Malika Khurana",interactive,,Interactive Feature,0,The New York Times,"Global Warming, , Weather, Heat and Heat Waves, Temperature"
2023-11-05T10:01:33Z,Cross-Tabs: October 2023 Times/Siena Poll of the 2024 Battlegrounds,Donald Trump leads Joe Biden in five of six key battlegrounds polled by The New York Times and Siena College.,Donald Trump leads Joe Biden in five of six key battlegrounds polled by The New York Times and Siena College.,,https://www.nytimes.com/interactive/2023/11/07/us/elections/times-siena-battlegrounds-registered-voters.html,U.S.,Elections,,interactive,,Interactive Feature,0,The New York Times,New York Times/Siena College Poll
2023-12-26T10:01:11Z,A New Tax on Imports and a Split From China: Trump’s 2025 Trade Agenda,"Donald J. Trump plans to sharply expand his use of tariffs if he returns to power, risking disruption to the economy in an attempt to transform it.","Donald J. Trump plans to sharply expand his use of tariffs if he returns to power, risking disruption to the economy in an attempt to transform it.",,https://www.nytimes.com/2023/12/26/us/politics/trump-2025-trade-china.html,U.S.,Politics,"By Charlie Savage, Jonathan Swan and Maggie Haberman",article,Politics,News,2572,The New York Times,"Trump, Donald J, Presidential Election of 2024, Lighthizer, Robert E, United States Economy, Customs (Tariff), International Trade and World Market, China, Factories and Manufacturing"
2023-11-14T10:00:12Z,Do I Need to Worry About Smartphone Radiation?,"Some studies have linked cellphone use with cancer, so we asked some experts to explain the risk.","Some studies have linked cellphone use with cancer, so we asked some experts to explain the risk.",,https://www.nytimes.com/2023/11/14/well/live/cellphone-radiation-effects.html,Well,Live,By Caroline Hopkins,article,Well,News,786,The New York Times,"Radiation, Smartphones, Wireless Communications, Cellular Telephones, Cancer, Brain Cancer, iPhone, Content Type: Service"
2023-04-10T19:14:55Z,Spelling Bee Buddy: Personalized Hints That Update as You Play,Customized hints that update based on your progress in today’s puzzle.,Customized hints that update based on your progress in today’s puzzle.,,https://www.nytimes.com/interactive/2023/upshot/spelling-bee-buddy.html,The Upshot,,"By Neil Berg, Matthew Conlen, Josh Katz, Aaron Krolik, Eve Washington and Eden Weingart",interactive,,Interactive Feature,0,The New York Times,
2023-12-04T10:02:03Z,Why a Second Trump Presidency May Be More Radical Than His First,"Donald Trump has long exhibited authoritarian impulses, but his policy operation is now more sophisticated, and the buffers to check him are weaker.","Donald Trump has long exhibited authoritarian impulses, but his policy operation is now more sophisticated, and the buffers to check him are weaker.",,https://www.nytimes.com/2023/12/04/us/politics/trump-2025-overview.html,U.S.,Politics,"By Charlie Savage, Jonathan Swan and Maggie Haberman",article,Politics,News,2431,The New York Times,"Presidential Election of 2024, United States Politics and Government, Democracy (Theory and Philosophy), Conservatism (US Politics), Trump, Donald J, Republican Party"
2023-07-17T07:00:20Z,Trump and Allies Forge Plans to Increase Presidential Power in 2025,The former president and his backers aim to strengthen the power of the White House and limit the independence of federal agencies.,The former president and his backers aim to strengthen the power of the White House and limit the independence of federal agencies.,,https://www.nytimes.com/2023/07/17/us/politics/trump-plans-2025.html,U.S.,Politics,"By Jonathan Swan, Charlie Savage and Maggie Haberman",article,Politics,News,2341,The New York Times,"Trump, Donald J, Presidential Power (US), Presidential Election of 2024, McEntee, John, Miller, Stephen (1985- ), Kelly, John F (1950- ), Roberts, Kevin D (1974- ), Vought, Russell T, Presidents and Presidency (US), Heritage Foundation, United States Politics and Government, Executive Orders and Memorandums, Government Employees, Presidential Transition (US), House of Representatives, Senate, Federal Communications Commission, Federal Reserve System, Federal Trade Commission, Justice Department, Regulation and Deregulation of Industry"
2023-10-03T09:02:09Z,Trump Wanted to Fire Missiles at Mexico. Now the G.O.P. Wants to Send Troops.,The Republican push to use military force in Mexico against drug cartels started in the Trump White House. He has plans to make the idea a reality in 2025.,The Republican push to use military force in Mexico against drug cartels started in the Trump White House. He has plans to make the idea a reality in 2025.,,https://www.nytimes.com/2023/10/03/us/politics/trump-mexico-cartels-republican.html,U.S.,Politics,"By Jonathan Swan, Maggie Haberman, Charlie Savage and Emiliano Rodríguez Mega",article,Politics,News,2631,The New York Times,"Mexico, Drug Cartels, United States International Relations, United States Defense and Military Forces, Republican Party, Presidential Election of 2024, Trump, Donald J, Drug Abuse and Traffic, Fentanyl, Esper, Mark T, Lopez Obrador, Andres Manuel"
2023-10-13T21:36:24Z,"Flashback: Your Weekly History Quiz, Oct. 15, 2023",Can you sort 8 historical events?,Can you sort 8 historical events?,,https://www.nytimes.com/interactive/2023/10/13/upshot/flashback.html,The Upshot,,,interactive,,Interactive Feature,0,The New York Times,Content Type: Quiz
2023-11-03T21:29:58Z,"Flashback: Your Weekly History Quiz, Nov. 4, 2023",Can you sort 8 historical events?,Can you sort 8 historical events?,,https://www.nytimes.com/interactive/2023/11/03/upshot/flashback.html,The Upshot,,,interactive,,Interactive Feature,0,The New York Times,Content Type: Quiz
2023-10-27T21:05:33Z,"Flashback: Your Weekly History Quiz, Oct. 29, 2023",Can you sort 8 historical events?,Can you sort 8 historical events?,,https://www.nytimes.com/interactive/2023/10/27/upshot/flashback.html,The Upshot,,,interactive,,Interactive Feature,0,The New York Times,Content Type: Quiz
2023-10-06T20:48:06Z,"Flashback: Your Weekly History Quiz, Oct. 8, 2023",Can you sort 8 historical events?,Can you sort 8 historical events?,,https://www.nytimes.com/interactive/2023/10/06/upshot/flashback.html,The Upshot,,,interactive,,Interactive Feature,0,The New York Times,Content Type: Quiz
2023-10-20T21:02:09Z,"Flashback: Your Weekly History Quiz, Oct. 22, 2023",Can you sort 8 historical events?,Can you sort 8 historical events?,,https://www.nytimes.com/interactive/2023/10/20/upshot/flashback.html,The Upshot,,,interactive,,Interactive Feature,0,The New York Times,Content Type: Quiz
2023-11-01T09:02:11Z,"If Trump Wins, His Allies Want Lawyers Who Will Bless a More Radical Agenda",Politically appointed lawyers sometimes frustrated Donald J. Trump’s ambitions. His allies are planning to install more aggressive legal gatekeepers if he regains the White House.,Politically appointed lawyers sometimes frustrated Donald J. Trump’s ambitions. His allies are planning to install more aggressive legal gatekeepers if he regains the White House.,,https://www.nytimes.com/2023/11/01/us/politics/trump-2025-lawyers.html,U.S.,Politics,"By Jonathan Swan, Charlie Savage and Maggie Haberman",article,Politics,News,2709,The New York Times,"Trump, Donald J, Presidential Election of 2024, Right-Wing Extremism and Alt-Right, Legal Profession, Conservatism (US Politics), Federalist Society, Paoletta, Mark, Leo, Leonard A, Vought, Russell T, Miller, Stephen (1985- ), Mitnick, John"
2023-12-09T10:00:29Z,Fears of a NATO Withdrawal Rise as Trump Seeks a Return to Power,Current and former European diplomats said there was growing concern a second Trump presidency could mean an American retreat from the continent and a gutting of NATO.,Current and former European diplomats said there was growing concern a second Trump presidency could mean an American retreat from the continent and a gutting of NATO.,,https://www.nytimes.com/2023/12/09/us/politics/trump-2025-nato.html,U.S.,Politics,"By Jonathan Swan, Charlie Savage and Maggie Haberman",article,Politics,News,2508,The New York Times,"Presidential Election of 2024, Trump, Donald J, Europe, North Atlantic Treaty Organization, Defense and Military Forces, United States International Relations, Treaties, Russia, Ukraine, Russian Invasion of Ukraine (2022)"
2023-08-05T20:58:22Z,"Flashback: Your Weekly History Quiz, Aug. 13, 2023",Can you sort 8 historical events?,Can you sort 8 historical events?,,https://www.nytimes.com/interactive/2023/upshot/flashback.html,The Upshot,,,interactive,,Interactive Feature,0,The New York Times,Content Type: Quiz
2023-08-27T00:24:57Z,"Flashback: Your Weekly History Quiz, Aug. 27, 2023",Can you sort 8 historical events?,Can you sort 8 historical events?,,https://www.nytimes.com/interactive/2023/08/26/upshot/flashback.html,The Upshot,,,interactive,,Interactive Feature,0,The New York Times,Content Type: Quiz
2023-12-30T02:14:24Z,"Flashback: Your Weekly History Quiz, Dec. 31, 2023",Can you sort 8 historical events?,Can you sort 8 historical events?,,https://www.nytimes.com/interactive/2023/12/29/upshot/flashback.html,The Upshot,,,interactive,,Interactive Feature,0,The New York Times,Content Type: Quiz
2023-12-01T22:58:12Z,"Flashback: Your Weekly History Quiz, Dec. 3, 2023",Can you sort 8 historical events?,Can you sort 8 historical events?,,https://www.nytimes.com/interactive/2023/12/01/upshot/flashback.html,The Upshot,,,interactive,,Interactive Feature,0,The New York Times,Content Type: Quiz
2023-11-24T01:56:09Z,"Flashback: Your Weekly History Quiz, Nov. 26, 2023",Can you sort 8 historical events?,Can you sort 8 historical events?,,https://www.nytimes.com/interactive/2023/11/23/upshot/flashback.html,The Upshot,,,interactive,,Interactive Feature,0,The New York Times,Content Type: Quiz
2023-11-11T10:01:47Z,"Sweeping Raids, Giant Camps and Mass Deportations: Inside Trump’s 2025 Immigration Plans","If he regains power, Donald Trump wants not only to revive some of the immigration policies criticized as draconian during his presidency, but expand and toughen them.","If he regains power, Donald Trump wants not only to revive some of the immigration policies criticized as draconian during his presidency, but expand and toughen them.",,https://www.nytimes.com/2023/11/11/us/politics/trump-2025-immigration-agenda.html,U.S.,Politics,"By Charlie Savage, Maggie Haberman and Jonathan Swan",article,Politics,News,2888,The New York Times,"Trump, Donald J, Presidential Election of 2024, Presidential Power (US), Immigration and Emigration, Illegal Immigration, Immigration Detention, Deportation, Family Separation Policy (US Immigration), Asylum, Right of, Border Barriers, Law and Legislation, Miller, Stephen (1985- ), Deferred Action for Childhood Arrivals, United States Politics and Government, United States International Relations, Human Rights and Human Rights Violations"
2023-12-16T01:42:22Z,"Flashback: Your Weekly History Quiz, Dec. 17, 2023",Can you sort 8 historical events?,Can you sort 8 historical events?,,https://www.nytimes.com/interactive/2023/12/15/upshot/flashback.html,The Upshot,,,interactive,,Interactive Feature,0,The New York Times,Content Type: Quiz
2023-09-03T00:14:53Z,"Flashback: Your Weekly History Quiz, Sept. 3, 2023",Can you sort 8 historical events?,Can you sort 8 historical events?,,https://www.nytimes.com/interactive/2023/09/02/upshot/flashback.html,The Upshot,,,interactive,,Interactive Feature,0,The New York Times,Content Type: Quiz
2023-09-29T21:23:06Z,"Flashback: Your Weekly History Quiz, Sept. 1, 2023",Can you sort 8 historical events?,Can you sort 8 historical events?,,https://www.nytimes.com/interactive/2023/09/29/upshot/flashback.html,The Upshot,,,interactive,,Interactive Feature,0,The New York Times,Content Type: Quiz
2023-11-18T01:00:54Z,"Flashback: Your Weekly History Quiz, Nov. 19, 2023",Can you sort 8 historical events?,Can you sort 8 historical events?,,https://www.nytimes.com/interactive/2023/11/17/upshot/flashback.html,The Upshot,,,interactive,,Interactive Feature,0,The New York Times,Content Type: Quiz
2023-12-06T01:02:40Z,"A New Trump Administration Will ‘Come After’ the Media, Says Kash Patel","Donald Trump, who has already promised to use the Justice Department to “go after” his political adversaries, is expected to install Mr. Patel in a senior role if he returns to power.","Donald Trump, who has already promised to use the Justice Department to “go after” his political adversaries, is expected to install Mr. Patel in a senior role if he returns to power.",,https://www.nytimes.com/2023/12/05/us/politics/trump-kash-patel-journalists.html,U.S.,Politics,"By Jonathan Swan, Maggie Haberman and Charlie Savage",article,Politics,News,1341,The New York Times,"Patel, Kashyap, Trump, Donald J, Bannon, Stephen K, Presidential Election of 2024, News and News Media, Freedom of the Press"
2023-08-20T00:32:47Z,"Flashback: Your Weekly History Quiz, Aug. 20, 2023",Can you sort 8 historical events?,Can you sort 8 historical events?,,https://www.nytimes.com/interactive/2023/08/19/upshot/flashback.html,The Upshot,,,interactive,,Interactive Feature,0,The New York Times,Content Type: Quiz
2023-06-15T09:00:40Z,The Radical Strategy Behind Trump’s Promise to ‘Go After’ Biden,Conservatives with close ties to Donald J. Trump are laying out a “paradigm-shifting” legal rationale to erase the Justice Department’s independence from the president.,Conservatives with close ties to Donald J. Trump are laying out a “paradigm-shifting” legal rationale to erase the Justice Department’s independence from the president.,,https://www.nytimes.com/2023/06/15/us/politics/trump-indictment-justice-department.html,U.S.,Politics,"By Jonathan Swan, Charlie Savage and Maggie Haberman",article,Politics,News,1614,The New York Times,"Trump, Donald J, Presidents and Presidency (US), Justice Department, Federal Bureau of Investigation, Special Prosecutors (Independent Counsel), Republican Party, Conservatism (US Politics), Federal Criminal Case Against Trump (Documents Case), Classified Information and State Secrets, Presidential Election of 2024, Biden, Joseph R Jr, United States Politics and Government, Clark, Jeffrey B (1967- ), Vought, Russell T"
2023-09-22T21:45:58Z,"Flashback: Your Weekly History Quiz, Sept. 24, 2023",Can you sort 8 historical events?,Can you sort 8 historical events?,,https://www.nytimes.com/interactive/2023/09/22/upshot/flashback.html,The Upshot,,,interactive,,Interactive Feature,0,The New York Times,Content Type: Quiz
2023-09-08T22:32:31Z,"Flashback: Your Weekly History Quiz, Sept. 10, 2023",Can you sort 8 historical events?,Can you sort 8 historical events?,,https://www.nytimes.com/interactive/2023/09/08/upshot/flashback.html,The Upshot,,,interactive,,Interactive Feature,0,The New York Times,Content Type: Quiz
2023-07-10T17:36:48Z,Trial Guide: The Jemaah Islamiyah Case at Guantánamo Bay,"Three prisoners were charged with terrorism, murder and conspiracy in bombings in Indonesia 20 years ago that killed more than 200 people. Two pleaded guilty and were sent home.","Three prisoners were charged with terrorism, murder and conspiracy in bombings in Indonesia 20 years ago that killed more than 200 people. Two pleaded guilty and were sent home.",,https://www.nytimes.com/2023/07/10/us/politics/bali-jakarta-bombings-trial-guide.html,U.S.,Politics,By Carol Rosenberg,article,Washington,News,1288,The New York Times,"Terrorism, United States Defense and Military Forces, September 11 (2001), Military Tribunals, Prisons and Prisoners, Detainees, Torture, Al Qaeda, Jemaah Islamiyah, Central Intelligence Agency, Bali (Indonesia), Jakarta (Indonesia), Nurjaman, Encep (Hambali), Bin Amin, Mohammed Farik, Bin Lep, Mohammed Nazir, Bombs and Explosives"
2023-11-10T20:17:51Z,"Flashback: Your Weekly History Quiz, Nov. 12, 2023",Can you sort 8 historical events?,Can you sort 8 historical events?,,https://www.nytimes.com/interactive/2023/11/10/upshot/flashback.html,The Upshot,,,interactive,,Interactive Feature,0,The New York Times,Content Type: Quiz
2023-12-09T01:43:44Z,"Flashback: Your Weekly History Quiz, Dec. 10, 2023",Can you sort 8 historical events?,Can you sort 8 historical events?,,https://www.nytimes.com/interactive/2023/12/08/upshot/flashback.html,The Upshot,,,interactive,,Interactive Feature,0,The New York Times,Content Type: Quiz
2023-09-15T21:34:15Z,"Flashback: Your Weekly History Quiz, Sept. 17, 2023",Can you sort 8 historical events?,Can you sort 8 historical events?,,https://www.nytimes.com/interactive/2023/09/15/upshot/flashback.html,The Upshot,,,interactive,,Interactive Feature,0,The New York Times,Content Type: Quiz
2024-01-05T22:47:28Z,"Flashback: Your Weekly History Quiz, Jan. 7, 2024",Can you sort 8 historical events?,Can you sort 8 historical events?,,https://www.nytimes.com/interactive/2024/01/05/upshot/flashback.html,The Upshot,,,interactive,,Interactive Feature,0,The New York Times,Content Type: Quiz
2023-12-06T01:02:40Z,"A New Trump Administration Will ‘Come After’ the Media, Says Kash Patel","Donald Trump, who has already promised to use the Justice Department to “go after” his political adversaries, is expected to install Mr. Patel in a senior role if he returns to power.","Donald Trump, who has already promised to use the Justice Department to “go after” his political adversaries, is expected to install Mr. Patel in a senior role if he returns to power.",,https://www.nytimes.com/2023/12/05/us/politics/trump-kash-patel-journalists.html,U.S.,Politics,"By Jonathan Swan, Maggie Haberman and Charlie Savage",article,Politics,News,1341,The New York Times,"Patel, Kashyap, Trump, Donald J, Bannon, Stephen K, Presidential Election of 2024, News and News Media, Freedom of the Press"
2023-01-19T22:27:14Z,U.S. Drops Case Against Police Officer It Had Called an ‘Insider Threat’,"Baimadajie Angwang, a New York Police Department officer, had been accused of spying for China. Prosecutors said the charges were dismissed after new information had come to light.","Baimadajie Angwang, a New York Police Department officer, had been accused of spying for China. Prosecutors said the charges were dismissed after new information had come to light.",,https://www.nytimes.com/2023/01/19/nyregion/nypd-officer-china-spy-angwang.html,New York,,By Rebecca Davis O’Brien,article,Metro,News,1333,The New York Times,"Espionage and Intelligence Services, Police, Politics and Government, Police Department (NYC), Angwang, Baimadajie (New York, NY, Police Officer), China, New York State, Long Island (NY), Justice Department, Brooklyn (NYC)"
2024-01-04T00:00:00Z,Butter Pilaf,"This simple butter pilaf is a delicious alternative to your <a href=""https://cooking.nytimes.com/recipes/1019204-basic-stovetop-rice"">basic stovetop rice</a>, without much additional work. A pilaf consists of grains that are toasted in fat before cooking in a liquid. The step of cooking in fat is called parching, and it prevents the grains from clumping while adding flavor from both the toasting and the fat itself. Pilaf can be made with almost any grain, fat and liquid, and is supremely versatile. For extra flavor, swap out the water for broth or <a href=""https://cooking.nytimes.com/recipes/1023837-dashi"">dashi</a>. Level it up with aromatics, like chopped onion or garlic, sweated (gently cooked) in the fat before parching the rice. Add spices, like turmeric or paprika, to toast along with the grains of rice. Stir in quick-cooking meat, like diced chicken or peeled shrimp, and vegetables, such as peas or cauliflower, after adding the water to steam along with the rice. Toss in herbs, like a spring of thyme or a bay leaf, to perfume the grains.",,,https://cooking.nytimes.com/recipes/1024516-butter-pilaf,,,Sohla El-Waylly,recipe,,Recipe,0,,"cooking 101, dinner, easy, five ingredient, grains and rice, lunch, rice, side dish, stovetop, unsalted butter, vegetarian, weeknight"
2024-01-04T00:00:00Z,Broccoli With Sizzled Nuts and Dates,"Broccoli and other cruciferous vegetables, like cabbage and brussels sprouts, can handle some char. Blackening makes them sweet and caramelized rather than bitter and burnt. The key is to cook the vegetables hot and fast, so the pieces develop color without becoming mushy and they’re crackly at the edges while still crisp-tender at the cores. Make sure your broccoli florets are thoroughly dried before cooking by taking them for a ride in a salad spinner. (Water will slow down the browning, resulting in florets that steam instead of char.) A topping of toasted nuts, sticky dates, bright lemon and bites of peppercorn adds complexity to this humble vegetable. ",,,https://cooking.nytimes.com/recipes/1024947-broccoli-with-sizzled-nuts-and-dates,,,Sohla El-Waylly,recipe,,Recipe,0,,"broccoli, broil, cashew, cooking 101, date, dinner, easy, five ingredient, for two, lunch, pecan, pepita, quick, side dish, vegan, vegetables, vegetarian, weeknight"
2023-04-04T09:00:14Z,She Was 19 When the Atomic Bomb Dropped,"Akiko Takakura survived the atomic bombing of Hiroshima. This is her story, in her words.","Akiko Takakura survived the atomic bombing of Hiroshima. This is her story, in her words.",,https://www.nytimes.com/2023/04/04/opinion/hiroshima-atomic-bomb-survivor.html,Opinion,,By André Hörmann and Anna Samo,article,OpEd,Op-Ed,412,The New York Times,"Documentary Films and Programs, Nuclear Weapons, World War II (1939-45), Hiroshima (Japan)"
2024-01-04T00:00:00Z,Spaghetti Stir-Fry With Chicken ,"This is nowhere near a traditional Chinese stir-fry or Italian spaghetti dish. Instead, it’s a recipe my amu (the Bengali term for mother) made by combining staples from her pantry and fridge to reflect the flavors of our favorite takeout without the need for specific noodles or a wok. By using frozen mixed vegetables, there’s only minimal prep and knife work required. The chicken, aromatics and vegetables cook while the pasta boils, so it all comes together quickly. Serve it just out of the pot for a hot meal, or eat it cold the next day, straight out of the fridge. ",,,https://cooking.nytimes.com/recipes/1024945-spaghetti-stir-fry-with-chicken,,,Sohla El-Waylly,recipe,,Recipe,0,,"chicken thigh, cooking 101, dinner, easy, lunch, main course, pastas, quick, spaghetti, stir-fry, stovetop, weeknight"
2024-01-05T00:00:00Z,Spatchcock Roast Chicken,"For an exceptionally tender bird that roasts in a fraction of the time of a whole one, consider spatchcocking and brining your chicken. All you need to spatchcock a chicken is a set of sturdy kitchen shears. By snipping along the sides of the backbone, you can remove it, open up your bird and press it flat. A flat chicken allows the legs to get more direct heat for better browning and quicker cooking. If you have time, season the chicken with salt and pepper and chill it in the fridge, uncovered, overnight, a step called dry brining. This gives the salt time to dissolve and be drawn into the meat, resulting in juicy, well-seasoned meat as well as crisp, rendered skin. Roasting on a bed of aromatics infuses the chicken with flavor. Use whatever you’ve got on hand, from sliced onions or lemons to herbs like rosemary or thyme. Setup is key to avoiding cross-contamination, so before handling your raw chicken, gather everything you will need.",,,https://cooking.nytimes.com/recipes/1024948-spatchcock-roast-chicken,,,Sohla El-Waylly,recipe,,Recipe,0,,"cooking 101, dinner, easy, five ingredient, main course, partial-access-ic, roast, roast chicken, weeknight, whole chicken"
2023-10-31T02:02:09Z,"Flashback: Your Weekly History Quiz, Oct. 31, 2023",Can you sort 8 historical events?,Can you sort 8 historical events?,,https://www.nytimes.com/interactive/2023/10/30/upshot/flashback.html,The Upshot,,By Maya Salam,interactive,,Interactive Feature,0,The New York Times,Content Type: Quiz
2024-01-04T00:00:00Z,Buttery Steak and Potatoes,"In professional kitchens, a good line cook can insert a cake tester into a steak, feel it on their lips and know the doneness from its warmth — but this expertise takes time to master. The poke test, in which you compare the firmness of a steak to that of your clenched fist, doesn’t work consistently across various cuts and types of meat. How marbled your steak is, whether it’s conventionally raised, grass-fed or grain-finished, all affect the meat’s final texture. For a perfectly cooked steak every time, your best bet is to use a thermometer. A little bit of tech, combined with frequent flipping, a cast-iron skillet and a final butter baste, will guarantee a steak with a deep mahogany crust on the outside and evenly cooked, ideal doneness on the inside. While the steak rests, toss boiled potatoes in the brown butter drippings for a satisfying and simple side. ",,,https://cooking.nytimes.com/recipes/1024946-buttery-steak-and-potatoes,,,Sohla El-Waylly,recipe,,Recipe,0,,"cast iron, cooking 101, dinner, easy, for two, main course, potato, quick, sear, skillet, skirt steak, steak, steaks and chops, unsalted butter, weeknight"
2023-02-23T19:19:44Z,17 Winter Vegetarian Recipes to Chase Away the Cold-Weather Blues,"Summer produce may get all of the glory, but these weeknight recipes make winter vegetables exciting and bright.","Summer produce may get all of the glory, but these weeknight recipes make winter vegetables exciting and bright.",,https://cooking.nytimes.com/article/winter-vegetables-recipes,Food,,By Tanya Sichynsky and Allison Jiang,article,Dining,NYT Cooking,1252,The New York Times,"Vegetables, Cooking and Cookbooks, Content Type: Service"
2023-10-09T08:02:00Z,Here Are the 10 Biggest U.S. Lottery Jackpots Ever,A $1.817 billion Powerball prize won on Christmas Eve in Arkansas now ranks as the second-largest U.S. lottery jackpot ever.,A $1.817 billion Powerball prize won on Christmas Eve in Arkansas now ranks as the second-largest U.S. lottery jackpot ever.,,https://www.nytimes.com/article/lottery-jackpot-record-powerball-megamillions.html,U.S.,,By The New York Times,article,Express,News,652,The New York Times,"Lotteries, Gambling, United States"
2024-01-04T00:00:00Z,Roasted Salmon With Dill and Cucumber Salad,"Fish can be dry-brined relatively quickly compared to chicken and other proteins, and the benefits are just as magical: The dry-brining process extends shelf life, aids in crisping the skin, prevents overcooking and firms up the flesh. To do it, heavily salt your fish for at least 15 minutes and up to 2 hours (any longer and the fish will cure), then rinse and pat it dry. You can cook it right away, or store it in the coolest part of your fridge, wrapped in paper towels and placed in a zip-top bag, preferably on ice, for up to 3 days.",,,https://cooking.nytimes.com/recipes/1024944-roasted-salmon-with-dill-and-cucumber-salad,,,Sohla El-Waylly,recipe,,Recipe,0,,"cooking 101, cucumber, dill, dinner, dried cranberry, easy, main course, quick, roast, salmon fillet, seafood, weeknight"
2023-06-27T00:00:00Z,Taco Salad,"This Mexican American classic has roots at Disneyland. Charles Elmer Doolin, a cofounder of the Frito Company, created an edible cup out of Fritos and served it at his Disneyland restaurant, Casa de Fritos, in 1955. It was the size of a teacup, filled with ground beef, beans and sour cream, and called the Ta-Cup (a portmanteau of taco and cup). The creation was a hit, with recipes for taco salad made with various corn chips proliferating in the ’60s, becoming a staple in school cafeterias, and eventually growing into the jumbo version added to the Taco Bell menu in 1984. (The menu item was retired in 2020.) You can use any corn chip for this recipe, and there’s no need for it to be in cup form, but opt for Fritos, if you want that authentic taste. ",,,https://cooking.nytimes.com/recipes/1024304-taco-salad,,,Sohla El-Waylly,recipe,,Recipe,0,,"cheddar, chili powder, colby cheese, cooking 101, dinner, easy, ground beef, ground cumin, iceberg lettuce, lunch, main course, mexican american, partial-access-ic, pinto bean, quick, salad, stovetop, weeknight"
2023-04-11T00:00:00Z,Miso-Honey Chicken and Asparagus,"This quick and easy sheet-pan meal is broiled instead of baked, which chars the marinade slightly on the chicken, browns the asparagus for maximum flavor and cuts the cooking time to around 10 minutes. The miso-honey mixture packs a punch, with lots of garlic, ginger and as much hot sauce as you like. It doubles as a marinade for the chicken and a sauce to spoon over the chicken and asparagus once cooked. Make sure to arrange the chicken thighs in a single layer, so they cook and char evenly, and keep an eye on the pan, as some broilers have hot spots. Feel free to substitute broccolini for the asparagus, and serve with steamed rice, if desired. (Watch 
<a href=""https://www.youtube.com/watch?v=0hhzLmY5ZCk/"">Yossy Arefi make Miso-Honey Chicken and Asparagus here</a>.)",,,https://cooking.nytimes.com/recipes/1023863-miso-honey-chicken-and-asparagus,,,Yossy Arefi,recipe,,Recipe,0,,"asparagus, broil, chicken thigh, dinner, easy, honey, main course, miso, partial-access-ic, poultry, quick, sheet-pan, soy sauce, weeknight"
2023-04-06T00:00:00Z,Kerala-Style Vegetable Korma,"A korma can be made with any combination of meats and vegetables, braised or stewed. In the Indian coastal state of Kerala, where coconuts are abundant, vegetable korma is made with desiccated fresh coconut and coconut milk. This quick, convenient version uses the same foundation — onion, tomatoes, ginger and garlic — while skipping the fresh coconut. It works just as well with whatever combination of fresh or frozen vegetables that might be handy. Cashew butter is used in place of making a paste from soaked cashews. Black mustard seeds add complex bitterness; Thai green chiles, black pepper and garam masala give it a kick. Cutting corners doesn’t quell any flavor in this recipe.",,,https://cooking.nytimes.com/recipes/1024095-kerala-style-vegetable-korma,,,Zainab Shah,recipe,,Recipe,0,,"braise, broccoli, carrot, cashew butter, cauliflower, chile, coconut milk, coconut oil, corn, curry, dinner, easy, eid al-fitr, ghee, great leftovers, green bean, indian, lunch, main course, one pot, partial-access-ic, pea, quick, side dish, vegan, vegetables, weeknight"
2023-02-25T00:00:00Z,Quinoa and Broccoli Spoon Salad,"This easy chopped salad fits loads of texture and flavor onto a spoon by combining finely chopped raw broccoli with chewy dried cranberries, crunchy pecans, fluffy quinoa and chunks of sharp Cheddar cheese. The mixture is tossed in a punchy mustard vinaigrette that soaks into the florets, only getting better as it sits. Feel free to substitute the quinoa for any grain, like brown rice, farro or buckwheat groats, though the cook time may vary. ",,,https://cooking.nytimes.com/recipes/1023843-quinoa-and-broccoli-spoon-salad,,,Sohla El-Waylly,recipe,,Recipe,0,,"apple, broccoli, cooking 101, dijon mustard, dinner, dried cranberry, full-access-ic-2025-01, gluten-free, grain bowl, lunch, main course, make-ahead, partial-access-ic, pecan, quick, quinoa, sharp cheddar, vegetarian, weeknight"
2023-07-18T00:00:00Z,Grated Tomato Pasta,"It’s tough to highlight peak summer tomatoes in pasta. To make the most out of their bright flavor, summer tomatoes should be minimally cooked. This recipe gently warms the fruit, so they keep their acidity and succulence. Since the tomato hasn’t had the liquid cooked out, it doesn’t cling to the spaghetti the way a <a href=""https://cooking.nytimes.com/recipes/1023408-pasta-al-pomodoro"">cooked pomodoro</a> would, but this keeps the dish light and bright, and makes it perfect for a hot summer day. Be sure to serve with plenty of bread to sop up the cheesy sauce that is left behind at the bottom of the bowl. If juicy, ripe tomatoes aren’t around, swap out for cherry tomatoes and blend them instead of grating to get a similar effect.",,,https://cooking.nytimes.com/recipes/1024307-grated-tomato-pasta,,,Ham El-Waylly,recipe,,Recipe,0,,"basil, cooking 101, dinner, easy, five ingredient, full-access-ic-2024-08, heirloom tomato, main course, parmesan, pastas, quick, spaghetti, stovetop, summer, tomato, vegan, vegetarian, weeknight"
2024-06-08T09:02:35Z,Trump Vows to Lower Prices. Some of His Policies May Raise Them.,"Donald J. Trump has not released a detailed economic plan. But three of his key proposals would push prices up, economists say.","Donald J. Trump has not released a detailed economic plan. But three of his key proposals would push prices up, economists say.",,https://www.nytimes.com/2024/06/08/us/politics/trump-2025-inflation.html,U.S.,Politics,"By Charlie Savage, Maggie Haberman and Jonathan Swan",article,Politics,News,2360,The New York Times,"Presidential Election of 2024, Prices (Fares, Fees and Rates), United States Economy, Regulation and Deregulation of Industry, Inflation (Economics), Trump, Donald J"
2024-01-31T00:12:27Z,Track the Latest Atmospheric River to Hit the West Coast,Use these maps to follow the storm’s forecast and impact.,Use these maps to follow the storm’s forecast and impact.,,https://www.nytimes.com/interactive/2024/us/atmospheric-river-california-west-tracker.html,U.S.,,"By William B. Davis, Madison Dong, Judson Jones and Bea Malsky",interactive,Weather,Interactive Feature,0,The New York Times,"Weather, Rain, Floods, Atmospheric Rivers, California, Pacific Northwestern States (US)"
2024-06-07T22:41:51Z,If Trump Wins,Donald Trump and his closest allies are planning a radical reshaping of American government. Here are some of the policy stakes if he regains power in 2025.,Donald Trump and his closest allies are planning a radical reshaping of American government. Here are some of the policy stakes if he regains power in 2025.,,https://www.nytimes.com/interactive/2024/06/16/us/politics/trump-policy-list-2025.html,U.S.,Politics,"By Charlie Savage, Jonathan Swan and Maggie Haberman",interactive,Washington,Interactive Feature,0,The New York Times,"vis-design, United States Politics and Government, Presidential Election of 2024, Illegal Immigration, Justice Department, International Trade and World Market, United States International Relations, Trump, Donald J, Europe, Mexico"
2024-02-22T20:01:37Z,Let Us Help You Find Your Next Book,"Reading picks from Book Review editors, guaranteed to suit any mood.","Reading picks from Book Review editors, guaranteed to suit any mood.",,https://www.nytimes.com/interactive/2026/books/what-to-read-next.html,Books,,By The New York Times Books Staff,interactive,,Interactive Feature,0,The New York Times,"vis-design, Books and Literature, genre-books-science-fiction, genre-books-thriller, genre-books-childrens, Content Type: Service"
2024-01-12T00:10:25Z,Tracking Freezing Temperatures in the U.S.,See detailed maps of the latest forecast for freezing temperatures in the United States.,See detailed maps of the latest forecast for freezing temperatures in the United States.,,https://www.nytimes.com/interactive/2025/us/freezing-temperatures-cold-weather-map.html,U.S.,,"By William B. Davis, Judson Jones, Bea Malsky and Madison Dong",interactive,Weather,Interactive Feature,0,The New York Times,"Wind, Weather, Cold and Cold Spells, Frostbite, States (US), United States"
2024-08-17T09:01:05Z,"Deploying on U.S. Soil: How Trump Would Use Soldiers Against Riots, Crime and Migrants",The former president’s vision of using the military to enforce the law domestically would carry profound implications for civil liberties.,The former president’s vision of using the military to enforce the law domestically would carry profound implications for civil liberties.,,https://www.nytimes.com/2024/08/17/us/politics/trump-2025-insurrection-act.html,U.S.,Politics,"By Charlie Savage, Jonathan Swan and Maggie Haberman",article,Politics,News,3320,The New York Times,"Trump, Donald J, Civil Rights and Liberties, Insurrection Act (1807), United States Defense and Military Forces, United States Politics and Government, Presidential Election of 2024, Federal-State Relations (US), Barr, William P, Clark, Jeffrey B (1967- ), Miller, Stephen (1985- ), Vought, Russell T"
2024-06-13T20:29:16Z,"Courting C.E.O.s, Trump Says He Intends to Cut Corporate Taxes Again","Donald Trump cut the business tax rate to 21 percent from 35 percent in 2017. Speaking privately to business leaders, he said if he retook power, he wanted to make it 20 percent.","Donald Trump cut the business tax rate to 21 percent from 35 percent in 2017. Speaking privately to business leaders, he said if he retook power, he wanted to make it 20 percent.",,https://www.nytimes.com/2024/06/13/us/politics/trump-corporate-tax-rate.html,U.S.,Politics,"By Jonathan Swan, Maggie Haberman and Charlie Savage",article,Politics,News,1380,The New York Times,"Trump, Donald J, Taxation, Tax Cuts and Jobs Act (2017), Presidential Election of 2024, United States Politics and Government, Republican Party"
2024-05-17T20:03:58Z,"Flashback: Your Weekly History Quiz, May 18, 2024",Can you sort 8 historical events?,Can you sort 8 historical events?,,https://www.nytimes.com/interactive/2024/05/17/upshot/flashback.html,The Upshot,,,interactive,,Interactive Feature,0,The New York Times,Content Type: Quiz
2024-06-05T21:15:49Z,Results: Times/Siena Recontact Study of Previous Poll Respondents,"Results of a recontact study in June re-interviewing 1,897 registered voters who had taken a Times/Siena poll in April or May, before the verdict in Donald J. Trump’s trial in New York.","Results of a recontact study in June re-interviewing 1,897 registered voters who had taken a Times/Siena poll in April or May, before the verdict in Donald J. Trump’s trial in New York.",,https://www.nytimes.com/interactive/2024/06/05/us/elections/times-siena-recontact-study-results.html,U.S.,Elections,,interactive,,Interactive Feature,0,The New York Times,New York Times/Siena College Poll
2024-10-25T20:59:27Z,"Flashback: Your Weekly History Quiz, Oct. 26, 2024",Can you sort 8 historical events?,Can you sort 8 historical events?,,https://www.nytimes.com/interactive/2024/10/25/upshot/flashback.html,The Upshot,,,interactive,Upshot,Interactive Feature,0,The New York Times,Content Type: Quiz
2024-10-25T20:59:27Z,"Flashback: Your Weekly History Quiz, Oct. 26, 2024",Can you sort 8 historical events?,Can you sort 8 historical events?,,https://www.nytimes.com/interactive/2024/10/25/upshot/flashback.html,The Upshot,,,interactive,Upshot,Interactive Feature,0,The New York Times,Content Type: Quiz
2024-09-27T17:54:12Z,"Flashback: Your Weekly History Quiz, Sept. 28, 2024",Can you sort 8 historical events?,Can you sort 8 historical events?,,https://www.nytimes.com/interactive/2024/09/27/upshot/flashback.html,The Upshot,,,interactive,Upshot,Interactive Feature,0,The New York Times,Content Type: Quiz
2024-08-30T18:52:58Z,"Flashback: Your Weekly History Quiz, Aug. 31, 2024",Can you sort 8 historical events?,Can you sort 8 historical events?,,https://www.nytimes.com/interactive/2024/08/30/upshot/flashback.html,The Upshot,,,interactive,Upshot,Interactive Feature,0,The New York Times,Content Type: Quiz
2024-11-08T20:23:00Z,"Flashback: Your Weekly History Quiz, Nov. 9, 2024",Can you sort 8 historical events?,Can you sort 8 historical events?,,https://www.nytimes.com/interactive/2024/11/08/upshot/flashback.html,The Upshot,,,interactive,Upshot,Interactive Feature,0,The New York Times,Content Type: Quiz
2024-06-28T20:12:17Z,"Flashback: Your Weekly History Quiz, June 29, 2024",Can you sort 8 historical events?,Can you sort 8 historical events?,,https://www.nytimes.com/interactive/2024/06/28/upshot/flashback.html,The Upshot,,,interactive,,Interactive Feature,0,The New York Times,Content Type: Quiz
2024-02-09T23:18:44Z,"Flashback: Your Weekly History Quiz, Feb. 10, 2024",Can you sort 8 historical events?,Can you sort 8 historical events?,,https://www.nytimes.com/interactive/2024/02/09/upshot/flashback.html,The Upshot,,,interactive,,Interactive Feature,0,The New York Times,Content Type: Quiz
2024-01-12T22:07:58Z,"Flashback: Your Weekly History Quiz, Jan. 14, 2024",Can you sort 8 historical events?,Can you sort 8 historical events?,,https://www.nytimes.com/interactive/2024/01/12/upshot/flashback.html,The Upshot,,,interactive,,Interactive Feature,0,The New York Times,Content Type: Quiz
2024-09-06T21:11:41Z,"Flashback: Your Weekly History Quiz, Sept. 7, 2024",Can you sort 8 historical events?,Can you sort 8 historical events?,,https://www.nytimes.com/interactive/2024/09/06/upshot/flashback.html,The Upshot,,,interactive,Upshot,Interactive Feature,0,The New York Times,Content Type: Quiz
2024-11-22T20:18:11Z,"Flashback: Your Weekly History Quiz, Nov. 23, 2024",Can you sort 8 historical events?,Can you sort 8 historical events?,,https://www.nytimes.com/interactive/2024/11/22/upshot/flashback.html,The Upshot,,,interactive,Upshot,Interactive Feature,0,The New York Times,Content Type: Quiz
2024-11-29T19:11:10Z,"Flashback: Your Weekly History Quiz, Nov. 30, 2024",Can you sort 8 historical events?,Can you sort 8 historical events?,,https://www.nytimes.com/interactive/2024/11/29/upshot/flashback.html,The Upshot,,,interactive,Upshot,Interactive Feature,0,The New York Times,Content Type: Quiz
2024-01-19T22:31:14Z,"Flashback: Your Weekly History Quiz, Jan. 20, 2024",Can you sort 8 historical events?,Can you sort 8 historical events?,,https://www.nytimes.com/interactive/2024/01/19/upshot/flashback.html,The Upshot,,,interactive,,Interactive Feature,0,The New York Times,Content Type: Quiz
2024-10-04T19:01:48Z,"Flashback: Your Weekly History Quiz, Oct. 5, 2024",Can you sort 8 historical events?,Can you sort 8 historical events?,,https://www.nytimes.com/interactive/2024/10/04/upshot/flashback.html,The Upshot,,,interactive,Upshot,Interactive Feature,0,The New York Times,Content Type: Quiz
2024-04-19T20:21:26Z,"Flashback: Your Weekly History Quiz, April 20, 2024",Can you sort 8 historical events?,Can you sort 8 historical events?,,https://www.nytimes.com/interactive/2024/04/19/upshot/flashback.html,The Upshot,,,interactive,,Interactive Feature,0,The New York Times,Content Type: Quiz
2024-11-01T18:22:21Z,"Flashback: Your Weekly History Quiz, Nov. 2, 2024",Can you sort 8 historical events?,Can you sort 8 historical events?,,https://www.nytimes.com/interactive/2024/11/01/upshot/flashback.html,The Upshot,,,interactive,Upshot,Interactive Feature,0,The New York Times,Content Type: Quiz
2024-12-20T20:34:28Z,"Flashback: Your Weekly History Quiz, Dec. 21, 2024",Can you sort 8 historical events?,Can you sort 8 historical events?,,https://www.nytimes.com/interactive/2024/12/20/upshot/flashback.html,The Upshot,,,interactive,Upshot,Interactive Feature,0,The New York Times,Content Type: Quiz
2024-04-12T19:14:07Z,"Flashback: Your Weekly History Quiz, April 13, 2024",Can you sort 8 historical events?,Can you sort 8 historical events?,,https://www.nytimes.com/interactive/2024/04/12/upshot/flashback.html,The Upshot,,,interactive,,Interactive Feature,0,The New York Times,Content Type: Quiz
2024-11-15T19:49:35Z,"Flashback: Your Weekly History Quiz, Nov. 16, 2024",Can you sort 8 historical events?,Can you sort 8 historical events?,,https://www.nytimes.com/interactive/2024/11/15/upshot/flashback.html,The Upshot,,,interactive,Upshot,Interactive Feature,0,The New York Times,Content Type: Quiz
2024-02-02T22:38:55Z,"Flashback: Your Weekly History Quiz, Feb. 3, 2024",Can you sort 8 historical events?,Can you sort 8 historical events?,,https://www.nytimes.com/interactive/2024/02/02/upshot/flashback.html,The Upshot,,,interactive,,Interactive Feature,0,The New York Times,Content Type: Quiz
2024-07-12T19:30:16Z,"Flashback: Your Weekly History Quiz, July 13, 2024",Can you sort 8 historical events?,Can you sort 8 historical events?,,https://www.nytimes.com/interactive/2024/07/12/upshot/flashback.html,The Upshot,,,interactive,,Interactive Feature,0,The New York Times,Content Type: Quiz
2024-09-20T20:57:22Z,"Flashback: Your Weekly History Quiz, Sept. 21, 2024",Can you sort 8 historical events?,Can you sort 8 historical events?,,https://www.nytimes.com/interactive/2024/09/20/upshot/flashback.html,The Upshot,,,interactive,Upshot,Interactive Feature,0,The New York Times,Content Type: Quiz
2024-10-11T17:26:35Z,"Flashback: Your Weekly History Quiz, Oct. 12, 2024",Can you sort 8 historical events?,Can you sort 8 historical events?,,https://www.nytimes.com/interactive/2024/10/11/upshot/flashback.html,The Upshot,,,interactive,Upshot,Interactive Feature,0,The New York Times,Content Type: Quiz
2024-02-23T21:44:23Z,"Flashback: Your Weekly History Quiz, Feb. 24, 2024",Can you sort 8 historical events?,Can you sort 8 historical events?,,https://www.nytimes.com/interactive/2024/02/23/upshot/flashback.html,The Upshot,,,interactive,,Interactive Feature,0,The New York Times,Content Type: Quiz
2024-06-14T19:52:55Z,"Flashback: Your Weekly History Quiz, June 15, 2024",Can you sort 8 historical events?,Can you sort 8 historical events?,,https://www.nytimes.com/interactive/2024/06/14/upshot/flashback.html,The Upshot,,,interactive,,Interactive Feature,0,The New York Times,Content Type: Quiz
2024-04-13T09:00:14Z,"You Ask, We Answer: How The Times/Siena Poll Is Conducted","The New York Times/Siena Poll has earned a reputation for accuracy and transparency. But, as with any poll, there are limits to just how much you can derive.","The New York Times/Siena Poll has earned a reputation for accuracy and transparency. But, as with any poll, there are limits to just how much you can derive.",,https://www.nytimes.com/article/times-siena-poll-methodology.html,U.S.,Elections,By The New York Times,article,Election Analytics,News,2205,The New York Times,"Polls and Public Opinion, New York Times/Siena College Poll, Content Type: Service"
2024-05-24T20:45:53Z,"Flashback: Your Weekly History Quiz, May 25, 2024",Can you sort 8 historical events?,Can you sort 8 historical events?,,https://www.nytimes.com/interactive/2024/05/24/upshot/flashback.html,The Upshot,,,interactive,,Interactive Feature,0,The New York Times,Content Type: Quiz
2024-03-15T21:59:23Z,"Flashback: Your Weekly History Quiz, March 16, 2024",Can you sort 8 historical events?,Can you sort 8 historical events?,,https://www.nytimes.com/interactive/2024/03/15/upshot/flashback.html,The Upshot,,,interactive,,Interactive Feature,0,The New York Times,Content Type: Quiz
2024-08-09T19:01:08Z,"Flashback: Your Weekly History Quiz, Aug. 10, 2024",Can you sort 8 historical events?,Can you sort 8 historical events?,,https://www.nytimes.com/interactive/2024/08/09/upshot/flashback.html,The Upshot,,,interactive,Upshot,Interactive Feature,0,The New York Times,Content Type: Quiz
2024-08-27T16:50:11Z,"Connections Bot: Your Daily, Personalized Connections Analysis",See how you stacked up against other Connections players today.,See how you stacked up against other Connections players today.,,https://www.nytimes.com/interactive/2024/upshot/connections-bot.html,The Upshot,,"By Eve Washington, Eden Weingart and Asmaa Elkeurti",interactive,,Interactive Feature,0,The New York Times,
2024-12-30T05:00:12Z,19 Cozy Winter Dinners to Warm You Up,"When the weather outside is frightful, cook something delightful.","When the weather outside is frightful, cook something delightful.",,https://cooking.nytimes.com/article/winter-recipes-warming,Food,,By Margaux Laskey and Allison Jiang,article,Dining,NYT Cooking,1259,The New York Times,"Cooking and Cookbooks, Winter (Season), Weather, Food"
2024-04-26T20:57:43Z,"Flashback: Your Weekly History Quiz, April 27, 2024",Can you sort 8 historical events?,Can you sort 8 historical events?,,https://www.nytimes.com/interactive/2024/04/26/upshot/flashback.html,The Upshot,,,interactive,,Interactive Feature,0,The New York Times,Content Type: Quiz
2024-12-06T21:39:34Z,"Flashback: Your Weekly History Quiz, Dec. 7, 2024",Can you sort 8 historical events?,Can you sort 8 historical events?,,https://www.nytimes.com/interactive/2024/12/06/upshot/flashback.html,The Upshot,,,interactive,Upshot,Interactive Feature,0,The New York Times,Content Type: Quiz
2024-08-23T19:36:16Z,"Flashback: Your Weekly History Quiz, Aug. 24, 2024",Can you sort 8 historical events?,Can you sort 8 historical events?,,https://www.nytimes.com/interactive/2024/08/23/upshot/flashback.html,The Upshot,,,interactive,Upshot,Interactive Feature,0,The New York Times,Content Type: Quiz
2024-06-21T20:50:16Z,"Flashback: Your Weekly History Quiz, June 22, 2024",Can you sort 8 historical events?,Can you sort 8 historical events?,,https://www.nytimes.com/interactive/2024/06/21/upshot/flashback.html,The Upshot,,,interactive,,Interactive Feature,0,The New York Times,Content Type: Quiz
2024-10-18T17:54:14Z,"Flashback: Your Weekly History Quiz, Oct. 19, 2024",Can you sort 8 historical events?,Can you sort 8 historical events?,,https://www.nytimes.com/interactive/2024/10/18/upshot/flashback.html,The Upshot,,,interactive,Upshot,Interactive Feature,0,The New York Times,Content Type: Quiz
2024-09-13T19:36:52Z,"Flashback: Your Weekly History Quiz, Sept. 14, 2024",Can you sort 8 historical events?,Can you sort 8 historical events?,,https://www.nytimes.com/interactive/2024/09/13/upshot/flashback.html,The Upshot,,,interactive,Upshot,Interactive Feature,0,The New York Times,Content Type: Quiz
2024-02-16T22:31:02Z,"Flashback: Your Weekly History Quiz, Feb. 17, 2024",Can you sort 8 historical events?,Can you sort 8 historical events?,,https://www.nytimes.com/interactive/2024/02/16/upshot/flashback.html,The Upshot,,,interactive,,Interactive Feature,0,The New York Times,Content Type: Quiz
2024-09-20T20:57:22Z,"Flashback: Your Weekly History Quiz, Sept. 21, 2024",Can you sort 8 historical events?,Can you sort 8 historical events?,,https://www.nytimes.com/interactive/2024/09/20/upshot/flashback.html,The Upshot,,,interactive,Upshot,Interactive Feature,0,The New York Times,Content Type: Quiz
2024-12-27T23:14:34Z,"Flashback: Your Weekly History Quiz, Dec. 28, 2024",Can you sort 8 historical events?,Can you sort 8 historical events?,,https://www.nytimes.com/interactive/2024/12/27/upshot/flashback.html,The Upshot,,,interactive,Upshot,Interactive Feature,0,The New York Times,Content Type: Quiz
2024-05-03T20:34:33Z,"Flashback: Your Weekly History Quiz, May 4, 2024",Can you sort 8 historical events?,Can you sort 8 historical events?,,https://www.nytimes.com/interactive/2024/05/03/upshot/flashback.html,The Upshot,,,interactive,,Interactive Feature,0,The New York Times,Content Type: Quiz
2024-12-13T20:51:19Z,"Flashback: Your Weekly History Quiz, Dec. 14, 2024",Can you sort 8 historical events?,Can you sort 8 historical events?,,https://www.nytimes.com/interactive/2024/12/13/upshot/flashback.html,The Upshot,,,interactive,Upshot,Interactive Feature,0,The New York Times,Content Type: Quiz
2024-06-07T19:29:36Z,"Flashback: Your Weekly History Quiz, June 8, 2024",Can you sort 8 historical events?,Can you sort 8 historical events?,,https://www.nytimes.com/interactive/2024/06/07/upshot/flashback.html,The Upshot,,,interactive,,Interactive Feature,0,The New York Times,Content Type: Quiz
2024-03-08T22:06:46Z,"Flashback: Your Weekly History Quiz, March 9, 2024",Can you sort 8 historical events?,Can you sort 8 historical events?,,https://www.nytimes.com/interactive/2024/03/08/upshot/flashback.html,The Upshot,,,interactive,,Interactive Feature,0,The New York Times,Content Type: Quiz
2024-03-01T22:48:43Z,"Flashback: Your Weekly History Quiz, March 2, 2024",Can you sort 8 historical events?,Can you sort 8 historical events?,,https://www.nytimes.com/interactive/2024/03/01/upshot/flashback.html,The Upshot,,,interactive,,Interactive Feature,0,The New York Times,Content Type: Quiz
2024-03-22T19:30:11Z,"Flashback: Your Weekly History Quiz, March 23, 2024",Can you sort 8 historical events?,Can you sort 8 historical events?,,https://www.nytimes.com/interactive/2024/03/22/upshot/flashback.html,The Upshot,,,interactive,,Interactive Feature,0,The New York Times,Content Type: Quiz
2024-04-05T20:01:55Z,"Flashback: Your Weekly History Quiz, April 6, 2024",Can you sort 8 historical events?,Can you sort 8 historical events?,,https://www.nytimes.com/interactive/2024/04/05/upshot/flashback.html,The Upshot,,,interactive,,Interactive Feature,0,The New York Times,Content Type: Quiz
2024-03-29T21:38:35Z,"Flashback: Your Weekly History Quiz, March 30, 2024",Can you sort 8 historical events?,Can you sort 8 historical events?,,https://www.nytimes.com/interactive/2024/03/29/upshot/flashback.html,The Upshot,,,interactive,,Interactive Feature,0,The New York Times,Content Type: Quiz
2024-07-05T19:53:19Z,"Flashback: Your Weekly History Quiz, July 6, 2024",Can you sort 8 historical events?,Can you sort 8 historical events?,,https://www.nytimes.com/interactive/2024/07/05/upshot/flashback.html,The Upshot,,,interactive,,Interactive Feature,0,The New York Times,Content Type: Quiz
2024-07-19T21:01:39Z,"Flashback: Your Weekly History Quiz, July 20, 2024",Can you sort 8 historical events?,Can you sort 8 historical events?,,https://www.nytimes.com/interactive/2024/07/19/upshot/flashback.html,The Upshot,,,interactive,,Interactive Feature,0,The New York Times,Content Type: Quiz
2024-05-10T19:59:25Z,"Flashback: Your Weekly History Quiz, May 11, 2024",Can you sort 8 historical events?,Can you sort 8 historical events?,,https://www.nytimes.com/interactive/2024/05/10/upshot/flashback.html,The Upshot,,,interactive,,Interactive Feature,0,The New York Times,Content Type: Quiz
2024-01-26T22:09:17Z,"Flashback: Your Weekly History Quiz, Jan. 27, 2024",Can you sort 8 historical events?,Can you sort 8 historical events?,,https://www.nytimes.com/interactive/2024/01/26/upshot/flashback.html,The Upshot,,,interactive,,Interactive Feature,0,The New York Times,Content Type: Quiz
2024-08-16T18:56:47Z,"Flashback: Your Weekly History Quiz, Aug. 17, 2024",Can you sort 8 historical events?,Can you sort 8 historical events?,,https://www.nytimes.com/interactive/2024/08/16/upshot/flashback.html,The Upshot,,,interactive,Upshot,Interactive Feature,0,The New York Times,Content Type: Quiz
2024-05-31T20:13:05Z,"Flashback: Your Weekly History Quiz, May 1, 2024",Can you sort 8 historical events?,Can you sort 8 historical events?,,https://www.nytimes.com/interactive/2024/05/31/upshot/flashback.html,The Upshot,,,interactive,,Interactive Feature,0,The New York Times,Content Type: Quiz
2024-08-02T21:18:30Z,"Flashback: Your Weekly History Quiz, Aug. 3, 2024",Can you sort 8 historical events?,Can you sort 8 historical events?,,https://www.nytimes.com/interactive/2024/08/02/upshot/flashback.html,The Upshot,,,interactive,Upshot,Interactive Feature,0,The New York Times,Content Type: Quiz
2024-12-07T10:00:52Z,Which Colleges Offer Free Tuition?,Dozens of schools say they provide free tuition to students whose families earn under a certain income. How does it work?,Dozens of schools say they provide free tuition to students whose families earn under a certain income. How does it work?,,https://www.nytimes.com/article/which-colleges-offer-free-tuition.html,Education,,By Amanda Holpuch,article,Express,News,1346,The New York Times,"Colleges and Universities, Tuition, Families and Family Life, Financial Aid (Education), Income, Education (Secondary), Affirmative Action, Admissions Standards, Community Colleges, Scholarships and Fellowships, Wages and Salaries, Poverty, Student Loans, Federal Aid (US), Baum, Sandy, Brandeis University, Brown University, Carnegie Mellon University, College Board, Columbia University, Cornell University, Dartmouth College, Harvard University, Ivy League, Massachusetts Institute of Technology, Princeton University, Stanford University, Supreme Court (US), University of Pennsylvania, University of Texas at Austin, University of Wisconsin, Urban Institute, Yale University, Massachusetts, New Mexico, Oklahoma, Pennsylvania, Texas, Wisconsin, Personal Finances"
2024-09-18T19:53:55Z,Double-Murder Case Involving an Au Pair Goes to Trial: What to Know,Prosecutors in Virginia say a father was having an affair with his Brazilian au pair and charged both with murder.,Prosecutors in Virginia say a father was having an affair with his Brazilian au pair and charged both with murder.,,https://www.nytimes.com/article/brendan-banfield-murder-wife-au-pair.html,U.S.,,By Annie Correal,article,Express,News,1314,The New York Times,"Murders, Attempted Murders and Homicides, Banfield, Brendan (1985- ), Banfield, Christine (1985-2023), Magalhaes, Juliana Peres, Ryan, Joseph (d 2023), Childcare Workers, Herndon (Va), Virginia, Brazil, Child Care"
